<?xml version="1.0" encoding="UTF-8"?>
<GenRun Id="synth_1" LaunchPart="xc7a35tcpg236-1" LaunchTime="1730686652">
  <File Type="PA-TCL" Name="Top_StudentSK.tcl"/>
  <File Type="REPORTS-TCL" Name="Top_StudentSK_reports.tcl"/>
  <File Type="RDS-RDS" Name="Top_StudentSK.vds"/>
  <File Type="RDS-UTIL" Name="Top_StudentSK_utilization_synth.rpt"/>
  <File Type="RDS-UTIL-PB" Name="Top_StudentSK_utilization_synth.pb"/>
  <File Type="RDS-DCP" Name="Top_StudentSK.dcp"/>
  <FileSet Name="sources" Type="DesignSrcs" RelSrcDir="$PSRCDIR/sources_1">
    <Filter Type="Srcs"/>
    <File Path="$PSRCDIR/sources_1/new/LSFR_random.v">
      <FileInfo>
        <Attr Name="ImportPath" Val="$PPRDIR/../../../../MODS.srcs/sources_1/new/LSFR_random.v"/>
        <Attr Name="ImportTime" Val="1730666855"/>
        <Attr Name="UsedIn" Val="synthesis"/>
        <Attr Name="UsedIn" Val="implementation"/>
        <Attr Name="UsedIn" Val="simulation"/>
      </FileInfo>
    </File>
    <File Path="$PSRCDIR/sources_1/imports/Desktop/Oled_Display.v">
      <FileInfo>
        <Attr Name="ImportPath" Val="$PPRDIR/../../../../../../../../MODS.srcs/sources_1/imports/Desktop/Oled_Display.v"/>
        <Attr Name="ImportTime" Val="1677398246"/>
        <Attr Name="UsedIn" Val="synthesis"/>
        <Attr Name="UsedIn" Val="implementation"/>
        <Attr Name="UsedIn" Val="simulation"/>
      </FileInfo>
    </File>
    <File Path="$PSRCDIR/sources_1/new/clock.v">
      <FileInfo>
        <Attr Name="ImportPath" Val="$PPRDIR/../../../../MODS.srcs/sources_1/new/clock.v"/>
        <Attr Name="ImportTime" Val="1730343226"/>
        <Attr Name="UsedIn" Val="synthesis"/>
        <Attr Name="UsedIn" Val="implementation"/>
        <Attr Name="UsedIn" Val="simulation"/>
      </FileInfo>
    </File>
    <File Path="$PSRCDIR/sources_1/new/counter.v">
      <FileInfo>
        <Attr Name="ImportPath" Val="$PPRDIR/../../../../MODS.srcs/sources_1/new/counter.v"/>
        <Attr Name="ImportTime" Val="1730674572"/>
        <Attr Name="UsedIn" Val="synthesis"/>
        <Attr Name="UsedIn" Val="implementation"/>
        <Attr Name="UsedIn" Val="simulation"/>
      </FileInfo>
    </File>
    <File Path="$PSRCDIR/sources_1/new/credits_screen.v">
      <FileInfo>
        <Attr Name="ImportPath" Val="$PPRDIR/../../../../MODS.srcs/sources_1/new/credits_screen.v"/>
        <Attr Name="ImportTime" Val="1730679253"/>
        <Attr Name="UsedIn" Val="synthesis"/>
        <Attr Name="UsedIn" Val="implementation"/>
        <Attr Name="UsedIn" Val="simulation"/>
      </FileInfo>
    </File>
    <File Path="$PSRCDIR/sources_1/new/direction_mux.v">
      <FileInfo>
        <Attr Name="ImportPath" Val="$PPRDIR/../../../../MODS.srcs/sources_1/new/direction_mux.v"/>
        <Attr Name="ImportTime" Val="1730674572"/>
        <Attr Name="UsedIn" Val="synthesis"/>
        <Attr Name="UsedIn" Val="implementation"/>
        <Attr Name="UsedIn" Val="simulation"/>
      </FileInfo>
    </File>
    <File Path="$PSRCDIR/sources_1/new/enemy_spawnfsm.v">
      <FileInfo>
        <Attr Name="ImportPath" Val="$PPRDIR/../../../../MODS.srcs/sources_1/new/enemy_spawnfsm.v"/>
        <Attr Name="ImportTime" Val="1730674572"/>
        <Attr Name="UsedIn" Val="synthesis"/>
        <Attr Name="UsedIn" Val="implementation"/>
        <Attr Name="UsedIn" Val="simulation"/>
      </FileInfo>
    </File>
    <File Path="$PSRCDIR/sources_1/new/flexy_clock.v">
      <FileInfo>
        <Attr Name="ImportPath" Val="$PPRDIR/../../../../MODS.srcs/sources_1/new/flexy_clock.v"/>
        <Attr Name="ImportTime" Val="1729137620"/>
        <Attr Name="UsedIn" Val="synthesis"/>
        <Attr Name="UsedIn" Val="implementation"/>
        <Attr Name="UsedIn" Val="simulation"/>
      </FileInfo>
    </File>
    <File Path="$PSRCDIR/sources_1/new/game_screen.v">
      <FileInfo>
        <Attr Name="ImportPath" Val="$PPRDIR/../../../../MODS.srcs/sources_1/new/game_screen.v"/>
        <Attr Name="ImportTime" Val="1730685088"/>
        <Attr Name="UsedIn" Val="synthesis"/>
        <Attr Name="UsedIn" Val="implementation"/>
        <Attr Name="UsedIn" Val="simulation"/>
      </FileInfo>
    </File>
    <File Path="$PSRCDIR/sources_1/new/main_menu_screen.v">
      <FileInfo>
        <Attr Name="ImportPath" Val="$PPRDIR/../../../../MODS.srcs/sources_1/new/main_menu_screen.v"/>
        <Attr Name="ImportTime" Val="1730682145"/>
        <Attr Name="UsedIn" Val="synthesis"/>
        <Attr Name="UsedIn" Val="implementation"/>
        <Attr Name="UsedIn" Val="simulation"/>
      </FileInfo>
    </File>
    <File Path="$PSRCDIR/sources_1/new/muffin_sprite.v">
      <FileInfo>
        <Attr Name="ImportPath" Val="$PPRDIR/../../../../MODS.srcs/sources_1/new/muffin_sprite.v"/>
        <Attr Name="ImportTime" Val="1730676749"/>
        <Attr Name="UsedIn" Val="synthesis"/>
        <Attr Name="UsedIn" Val="implementation"/>
        <Attr Name="UsedIn" Val="simulation"/>
      </FileInfo>
    </File>
    <File Path="$PSRCDIR/sources_1/new/pause_screen.v">
      <FileInfo>
        <Attr Name="ImportPath" Val="$PPRDIR/../../../../MODS.srcs/sources_1/new/pause_screen.v"/>
        <Attr Name="ImportTime" Val="1730676219"/>
        <Attr Name="UsedIn" Val="synthesis"/>
        <Attr Name="UsedIn" Val="implementation"/>
        <Attr Name="UsedIn" Val="simulation"/>
      </FileInfo>
    </File>
    <File Path="$PSRCDIR/sources_1/new/s1.v">
      <FileInfo>
        <Attr Name="ImportPath" Val="$PPRDIR/../../../../MODS.srcs/sources_1/new/s1.v"/>
        <Attr Name="ImportTime" Val="1730666855"/>
        <Attr Name="UsedIn" Val="synthesis"/>
        <Attr Name="UsedIn" Val="implementation"/>
        <Attr Name="UsedIn" Val="simulation"/>
      </FileInfo>
    </File>
    <File Path="$PSRCDIR/sources_1/new/s2.v">
      <FileInfo>
        <Attr Name="ImportPath" Val="$PPRDIR/../../../../MODS.srcs/sources_1/new/s2.v"/>
        <Attr Name="ImportTime" Val="1730666855"/>
        <Attr Name="UsedIn" Val="synthesis"/>
        <Attr Name="UsedIn" Val="implementation"/>
        <Attr Name="UsedIn" Val="simulation"/>
      </FileInfo>
    </File>
    <File Path="$PSRCDIR/sources_1/new/s3.v">
      <FileInfo>
        <Attr Name="ImportPath" Val="$PPRDIR/../../../../MODS.srcs/sources_1/new/s3.v"/>
        <Attr Name="ImportTime" Val="1730666855"/>
        <Attr Name="UsedIn" Val="synthesis"/>
        <Attr Name="UsedIn" Val="implementation"/>
        <Attr Name="UsedIn" Val="simulation"/>
      </FileInfo>
    </File>
    <File Path="$PSRCDIR/sources_1/new/s4.v">
      <FileInfo>
        <Attr Name="ImportPath" Val="$PPRDIR/../../../../MODS.srcs/sources_1/new/s4.v"/>
        <Attr Name="ImportTime" Val="1730666855"/>
        <Attr Name="UsedIn" Val="synthesis"/>
        <Attr Name="UsedIn" Val="implementation"/>
        <Attr Name="UsedIn" Val="simulation"/>
      </FileInfo>
    </File>
    <File Path="$PSRCDIR/sources_1/new/s5.v">
      <FileInfo>
        <Attr Name="ImportPath" Val="$PPRDIR/../../../../MODS.srcs/sources_1/new/s5.v"/>
        <Attr Name="ImportTime" Val="1730666855"/>
        <Attr Name="UsedIn" Val="synthesis"/>
        <Attr Name="UsedIn" Val="implementation"/>
        <Attr Name="UsedIn" Val="simulation"/>
      </FileInfo>
    </File>
    <File Path="$PSRCDIR/sources_1/new/seven_seg_display2.v">
      <FileInfo>
        <Attr Name="ImportPath" Val="$PPRDIR/../../../../MODS.srcs/sources_1/new/seven_seg_display2.v"/>
        <Attr Name="ImportTime" Val="1730666855"/>
        <Attr Name="UsedIn" Val="synthesis"/>
        <Attr Name="UsedIn" Val="implementation"/>
        <Attr Name="UsedIn" Val="simulation"/>
      </FileInfo>
    </File>
    <File Path="$PSRCDIR/sources_1/new/student_control.v">
      <FileInfo>
        <Attr Name="ImportPath" Val="$PPRDIR/../../../../MODS.srcs/sources_1/new/student_control.v"/>
        <Attr Name="ImportTime" Val="1730666855"/>
        <Attr Name="UsedIn" Val="synthesis"/>
        <Attr Name="UsedIn" Val="implementation"/>
        <Attr Name="UsedIn" Val="simulation"/>
      </FileInfo>
    </File>
    <File Path="$PSRCDIR/sources_1/new/touch_muff.v">
      <FileInfo>
        <Attr Name="ImportPath" Val="$PPRDIR/../../../../MODS.srcs/sources_1/new/touch_muff.v"/>
        <Attr Name="ImportTime" Val="1730674572"/>
        <Attr Name="UsedIn" Val="synthesis"/>
        <Attr Name="UsedIn" Val="implementation"/>
        <Attr Name="UsedIn" Val="simulation"/>
      </FileInfo>
    </File>
    <File Path="$PSRCDIR/sources_1/new/animate.v">
      <FileInfo SFType="SVerilog">
        <Attr Name="ImportPath" Val="$PPRDIR/../../../../MODS.srcs/sources_1/new/animate.v"/>
        <Attr Name="ImportTime" Val="1730674572"/>
        <Attr Name="UsedIn" Val="synthesis"/>
        <Attr Name="UsedIn" Val="implementation"/>
        <Attr Name="UsedIn" Val="simulation"/>
      </FileInfo>
    </File>
    <File Path="$PSRCDIR/sources_1/new/character_screen.v">
      <FileInfo SFType="SVerilog">
        <Attr Name="ImportPath" Val="$PPRDIR/../../../../MODS.srcs/sources_1/new/character_screen.v"/>
        <Attr Name="ImportTime" Val="1730681574"/>
        <Attr Name="UsedIn" Val="synthesis"/>
        <Attr Name="UsedIn" Val="implementation"/>
        <Attr Name="UsedIn" Val="simulation"/>
      </FileInfo>
    </File>
    <File Path="$PSRCDIR/sources_1/new/enemies_sprite.v">
      <FileInfo SFType="SVerilog">
        <Attr Name="ImportPath" Val="$PPRDIR/../../../../MODS.srcs/sources_1/new/enemies_sprite.v"/>
        <Attr Name="ImportTime" Val="1730677679"/>
        <Attr Name="UsedIn" Val="synthesis"/>
        <Attr Name="UsedIn" Val="implementation"/>
        <Attr Name="UsedIn" Val="simulation"/>
      </FileInfo>
    </File>
    <File Path="$PSRCDIR/sources_1/new/enemy_counter.v">
      <FileInfo SFType="SVerilog">
        <Attr Name="ImportPath" Val="$PPRDIR/../../../../MODS.srcs/sources_1/new/enemy_counter.v"/>
        <Attr Name="ImportTime" Val="1730666478"/>
        <Attr Name="UsedIn" Val="synthesis"/>
        <Attr Name="UsedIn" Val="implementation"/>
        <Attr Name="UsedIn" Val="simulation"/>
      </FileInfo>
    </File>
    <File Path="$PSRCDIR/sources_1/new/enemy_health.sv">
      <FileInfo>
        <Attr Name="ImportPath" Val="$PPRDIR/../../../../MODS.srcs/sources_1/new/enemy_health.sv"/>
        <Attr Name="ImportTime" Val="1730674572"/>
        <Attr Name="UsedIn" Val="synthesis"/>
        <Attr Name="UsedIn" Val="implementation"/>
        <Attr Name="UsedIn" Val="simulation"/>
      </FileInfo>
    </File>
    <File Path="$PSRCDIR/sources_1/new/enemy_main.v">
      <FileInfo SFType="SVerilog">
        <Attr Name="ImportPath" Val="$PPRDIR/../../../../MODS.srcs/sources_1/new/enemy_main.v"/>
        <Attr Name="ImportTime" Val="1730674572"/>
        <Attr Name="UsedIn" Val="synthesis"/>
        <Attr Name="UsedIn" Val="implementation"/>
        <Attr Name="UsedIn" Val="simulation"/>
      </FileInfo>
    </File>
    <File Path="$PSRCDIR/sources_1/new/enemy_move.sv">
      <FileInfo>
        <Attr Name="ImportPath" Val="$PPRDIR/../../../../MODS.srcs/sources_1/new/enemy_move.sv"/>
        <Attr Name="ImportTime" Val="1730674572"/>
        <Attr Name="UsedIn" Val="synthesis"/>
        <Attr Name="UsedIn" Val="implementation"/>
        <Attr Name="UsedIn" Val="simulation"/>
      </FileInfo>
    </File>
    <File Path="$PSRCDIR/sources_1/new/enemy_spawner.v">
      <FileInfo SFType="SVerilog">
        <Attr Name="ImportPath" Val="$PPRDIR/../../../../MODS.srcs/sources_1/new/enemy_spawner.v"/>
        <Attr Name="ImportTime" Val="1730674572"/>
        <Attr Name="UsedIn" Val="synthesis"/>
        <Attr Name="UsedIn" Val="implementation"/>
        <Attr Name="UsedIn" Val="simulation"/>
      </FileInfo>
    </File>
    <File Path="$PSRCDIR/sources_1/new/hero_damage.v">
      <FileInfo SFType="SVerilog">
        <Attr Name="ImportPath" Val="$PPRDIR/../../../../MODS.srcs/sources_1/new/hero_damage.v"/>
        <Attr Name="ImportTime" Val="1730674572"/>
        <Attr Name="UsedIn" Val="synthesis"/>
        <Attr Name="UsedIn" Val="implementation"/>
        <Attr Name="UsedIn" Val="simulation"/>
      </FileInfo>
    </File>
    <File Path="$PSRCDIR/sources_1/new/main.v">
      <FileInfo SFType="SVerilog">
        <Attr Name="ImportPath" Val="$PPRDIR/../../../../MODS.srcs/sources_1/new/main.v"/>
        <Attr Name="ImportTime" Val="1730686639"/>
        <Attr Name="UsedIn" Val="synthesis"/>
        <Attr Name="UsedIn" Val="implementation"/>
        <Attr Name="UsedIn" Val="simulation"/>
      </FileInfo>
    </File>
    <File Path="$PSRCDIR/sources_1/new/muffinimate2.v">
      <FileInfo SFType="SVerilog">
        <Attr Name="ImportPath" Val="$PPRDIR/../../../../MODS.srcs/sources_1/new/muffinimate2.v"/>
        <Attr Name="ImportTime" Val="1730674572"/>
        <Attr Name="UsedIn" Val="synthesis"/>
        <Attr Name="UsedIn" Val="implementation"/>
        <Attr Name="UsedIn" Val="simulation"/>
      </FileInfo>
    </File>
    <File Path="$PSRCDIR/sources_1/new/pixel_control.v">
      <FileInfo SFType="SVerilog">
        <Attr Name="ImportPath" Val="$PPRDIR/../../../../MODS.srcs/sources_1/new/pixel_control.v"/>
        <Attr Name="ImportTime" Val="1730686400"/>
        <Attr Name="UsedIn" Val="synthesis"/>
        <Attr Name="UsedIn" Val="implementation"/>
        <Attr Name="UsedIn" Val="simulation"/>
      </FileInfo>
    </File>
    <File Path="$PSRCDIR/sources_1/new/projectile_main.v">
      <FileInfo SFType="SVerilog">
        <Attr Name="ImportPath" Val="$PPRDIR/../../../../MODS.srcs/sources_1/new/projectile_main.v"/>
        <Attr Name="ImportTime" Val="1730674572"/>
        <Attr Name="UsedIn" Val="synthesis"/>
        <Attr Name="UsedIn" Val="implementation"/>
        <Attr Name="UsedIn" Val="simulation"/>
      </FileInfo>
    </File>
    <File Path="$PSRCDIR/sources_1/new/projectile_types.sv">
      <FileInfo>
        <Attr Name="ImportPath" Val="$PPRDIR/../../../../MODS.srcs/sources_1/new/projectile_types.sv"/>
        <Attr Name="ImportTime" Val="1730674572"/>
        <Attr Name="UsedIn" Val="synthesis"/>
        <Attr Name="UsedIn" Val="implementation"/>
        <Attr Name="UsedIn" Val="simulation"/>
      </FileInfo>
    </File>
    <File Path="$PSRCDIR/sources_1/new/projectiles_sprite.v">
      <FileInfo SFType="SVerilog">
        <Attr Name="ImportPath" Val="$PPRDIR/../../../../MODS.srcs/sources_1/new/projectiles_sprite.v"/>
        <Attr Name="ImportTime" Val="1730675320"/>
        <Attr Name="UsedIn" Val="synthesis"/>
        <Attr Name="UsedIn" Val="implementation"/>
        <Attr Name="UsedIn" Val="simulation"/>
      </FileInfo>
    </File>
    <File Path="$PSRCDIR/sources_1/new/Top_StudentSK.v">
      <FileInfo>
        <Attr Name="ImportPath" Val="$PPRDIR/../../../../MODS.srcs/sources_1/new/Top_StudentSK.v"/>
        <Attr Name="ImportTime" Val="1730684214"/>
        <Attr Name="UsedIn" Val="synthesis"/>
        <Attr Name="UsedIn" Val="implementation"/>
        <Attr Name="UsedIn" Val="simulation"/>
      </FileInfo>
    </File>
    <File Path="$PSRCDIR/sources_1/new/Top_Student.v">
      <FileInfo>
        <Attr Name="AutoDisabled" Val="1"/>
        <Attr Name="ImportPath" Val="$PPRDIR/../../../../MODS.srcs/sources_1/new/Top_Student.v"/>
        <Attr Name="ImportTime" Val="1730666855"/>
        <Attr Name="UsedIn" Val="synthesis"/>
        <Attr Name="UsedIn" Val="implementation"/>
        <Attr Name="UsedIn" Val="simulation"/>
      </FileInfo>
    </File>
    <File Path="$PSRCDIR/sources_1/ip/blk_mem_gen_inter/blk_mem_gen_inter.xci">
      <FileInfo>
        <Attr Name="AutoDisabled" Val="1"/>
        <Attr Name="ImportPath" Val="$PPRDIR/../../../../../../../../MODS.srcs/sources_1/ip/blk_mem_gen_inter/blk_mem_gen_inter.xci"/>
        <Attr Name="ImportTime" Val="1673495803"/>
        <Attr Name="UsedIn" Val="synthesis"/>
        <Attr Name="UsedIn" Val="implementation"/>
        <Attr Name="UsedIn" Val="simulation"/>
      </FileInfo>
    </File>
    <File Path="$PSRCDIR/sources_1/ip/blk_mem_gen_const/blk_mem_gen_const.xci">
      <FileInfo>
        <Attr Name="AutoDisabled" Val="1"/>
        <Attr Name="ImportPath" Val="$PPRDIR/../../../../../../../../MODS.srcs/sources_1/ip/blk_mem_gen_const/blk_mem_gen_const.xci"/>
        <Attr Name="ImportTime" Val="1686296404"/>
        <Attr Name="UsedIn" Val="synthesis"/>
        <Attr Name="UsedIn" Val="implementation"/>
        <Attr Name="UsedIn" Val="simulation"/>
      </FileInfo>
    </File>
    <File Path="$PSRCDIR/sources_1/ip/blk_mem_gen_img/blk_mem_gen_img.xci">
      <FileInfo>
        <Attr Name="AutoDisabled" Val="1"/>
        <Attr Name="ImportPath" Val="$PPRDIR/../../../../../../../../MODS.srcs/sources_1/ip/blk_mem_gen_img/blk_mem_gen_img.xci"/>
        <Attr Name="ImportTime" Val="1686296427"/>
        <Attr Name="UsedIn" Val="synthesis"/>
        <Attr Name="UsedIn" Val="implementation"/>
        <Attr Name="UsedIn" Val="simulation"/>
      </FileInfo>
    </File>
    <File Path="$PSRCDIR/sources_1/ip/blk_mem_gen_0_1/blk_mem_gen_0.xci">
      <FileInfo>
        <Attr Name="AutoDisabled" Val="1"/>
        <Attr Name="ImportPath" Val="$PPRDIR/../../../../../../../../MODS.srcs/sources_1/ip/blk_mem_gen_0_1/blk_mem_gen_0.xci"/>
        <Attr Name="ImportTime" Val="1673495799"/>
        <Attr Name="UsedIn" Val="synthesis"/>
        <Attr Name="UsedIn" Val="implementation"/>
        <Attr Name="UsedIn" Val="simulation"/>
      </FileInfo>
    </File>
    <File Path="$PSRCDIR/sources_1/imports/MouseAudioDisplay/archive_project_summary.txt">
      <FileInfo>
        <Attr Name="ImportPath" Val="$PPRDIR/../../../../../../../../../MouseAudioDisplay/archive_project_summary.txt"/>
        <Attr Name="ImportTime" Val="1677398648"/>
      </FileInfo>
    </File>
    <File Path="$PSRCDIR/sources_1/imports/res/weights.coe">
      <FileInfo>
        <Attr Name="ImportPath" Val="$PPRDIR/../../../../../../../../res/weights.coe"/>
        <Attr Name="ImportTime" Val="1677159677"/>
        <Attr Name="UsedIn" Val="synthesis"/>
        <Attr Name="UsedIn" Val="simulation"/>
      </FileInfo>
    </File>
    <File Path="$PSRCDIR/sources_1/imports/res/00.coe">
      <FileInfo>
        <Attr Name="ImportPath" Val="$PPRDIR/../../../../../../../../res/00.coe"/>
        <Attr Name="ImportTime" Val="1677159677"/>
        <Attr Name="UsedIn" Val="synthesis"/>
        <Attr Name="UsedIn" Val="simulation"/>
      </FileInfo>
    </File>
    <File Path="$PSRCDIR/sources_1/imports/MODS/archive_project_summary.txt">
      <FileInfo>
        <Attr Name="ImportPath" Val="$PPRDIR/../../../../archive_project_summary.txt"/>
        <Attr Name="ImportTime" Val="1730343226"/>
      </FileInfo>
    </File>
    <File Path="$PSRCDIR/sources_1/new/landscape3.mem">
      <FileInfo>
        <Attr Name="ImportPath" Val="$PPRDIR/../../../../MODS.srcs/sources_1/new/landscape3.mem"/>
        <Attr Name="ImportTime" Val="1730666855"/>
        <Attr Name="UsedIn" Val="synthesis"/>
        <Attr Name="UsedIn" Val="simulation"/>
      </FileInfo>
    </File>
    <File Path="$PSRCDIR/sources_1/new/main2.v">
      <FileInfo>
        <Attr Name="AutoDisabled" Val="1"/>
        <Attr Name="ImportPath" Val="$PPRDIR/../../../../MODS.srcs/sources_1/new/main2.v"/>
        <Attr Name="ImportTime" Val="1730681848"/>
        <Attr Name="UsedIn" Val="synthesis"/>
        <Attr Name="UsedIn" Val="implementation"/>
        <Attr Name="UsedIn" Val="simulation"/>
      </FileInfo>
    </File>
    <Config>
      <Option Name="DesignMode" Val="RTL"/>
      <Option Name="TopModule" Val="Top_StudentSK"/>
    </Config>
  </FileSet>
  <FileSet Name="constrs_in" Type="Constrs" RelSrcDir="$PSRCDIR/constrs_1">
    <Filter Type="Constrs"/>
    <File Path="$PSRCDIR/constrs_1/imports/EE2026_FINAL_PROJECT/Basys3_Master_FinalProject.xdc">
      <FileInfo>
        <Attr Name="ImportPath" Val="$PPRDIR/../../../../../../Basys3_Master_FinalProject.xdc"/>
        <Attr Name="ImportTime" Val="1730680609"/>
        <Attr Name="UsedIn" Val="synthesis"/>
        <Attr Name="UsedIn" Val="implementation"/>
      </FileInfo>
    </File>
    <Config>
      <Option Name="ConstrsType" Val="XDC"/>
    </Config>
  </FileSet>
  <Strategy Version="1" Minor="2">
    <StratHandle Name="Vivado Synthesis Defaults" Flow="Vivado Synthesis 2018"/>
    <Step Id="synth_design"/>
  </Strategy>
</GenRun>
